﻿<?xml version="1.0" encoding="utf-8" ?>
<languages>
    <language name="English" id="en">
        <episerver>
            <marketo>
                <providername>Marketo</providername>
                <admin>
                    <displayname>Marketo</displayname>
                    <description>Configuration settings for Marketo.</description>
                    <savesuccessfully>Your settings have been saved.</savesuccessfully>
                    <clientid>Client ID</clientid>
                    <clientsecret>Client secret</clientsecret>
                    <authentication>REST authentication</authentication>
                    <endpoint>Endpoint URL</endpoint>
                    <webtrackingcode>Web tracking code</webtrackingcode>
                    <munchkin>Custom tracking scripts (web tracking script is located under Admin > Integration > Munchkin on Marketo management site)</munchkin>
                    <noscript>No tracking scripts (use this when you want to handle tracking scripts in your templates)</noscript>
                    <trackingcoderequirederrormessage>The tracking code is required.</trackingcoderequirederrormessage>
                    <soapauthentication>SOAP authentication</soapauthentication>
                    <userid>User ID</userid>
                    <encryptionkey>Encryption key</encryptionkey>
                </admin>
                <edit>
                    <form>
                       <databasename>Marketo Database</databasename>
                    </form>
                </edit>
                <visitorgroups>
                    <criteria>
                        <scoring>
                            <scoringmodelname>Default</scoringmodelname>
                            <scoretype>
                                <totalscore>Total Score</totalscore>
                            </scoretype>
                        </scoring>
                    </criteria>
                </visitorgroups>
            </marketo>
        </episerver>
    </language>
</languages>